title,company,location,link
[전문연구요원] 상시 (전직),네이버랩스,경기도,https://kr.indeed.com/viewjob?jk=14b591547a3b9df5
[LS글로벌] IT사업 부문 경력직,엘에스글로벌인코퍼레이티드,안양 동안구,https://kr.indeed.com/viewjob?jk=1a5a0fd9b057d5d2
"프론트엔드, 백엔드 신입/경력 정규직",로켓메이커스,서울 마포구,https://kr.indeed.com/viewjob?jk=09a7b504ae035725
Developer / Designer recruit,마이뮤직테이스트,서울 논현동,https://kr.indeed.com/viewjob?jk=55a19c92c845685e
케이팝 엔터테인먼트 서비스 개발자,라이터스컴퍼니,서울 마포구,https://kr.indeed.com/viewjob?jk=c0fde5187c6f9d23
유명 바이오 의료기기 스타트업 Web Backend 개발자,인파트너스,서울 서초구,https://kr.indeed.com/viewjob?jk=8e1465b03bd5bd38
추천팀 서비스 개발자 (계약),카카오,성남 판교역,https://kr.indeed.com/viewjob?jk=c5783af875e8ec98
[청년디지털일자리] 컨텐츠기획 및 Full-Stack웹개발자,스미트인더스트리,서울 중구,https://kr.indeed.com/viewjob?jk=9a847e0201a9634d
8퍼센트 경력 개발자,8퍼센트,서울 종로구,https://kr.indeed.com/viewjob?jk=464ef95516a5fa5c
"웹,앱 개발자 (3년이상)",씨사이드랩코리아,서울 강남구,https://kr.indeed.com/viewjob?jk=cc99b43ebafbeba2
금융IT(UI/UX개발) 인재,에셋플러스자산운용,대한민국,https://kr.indeed.com/viewjob?jk=04751aa927de1b32
[카카오페이지] 정산 개발자,카카오페이지,성남 분당구,https://kr.indeed.com/viewjob?jk=1860146f2699026d
프론트엔드 정규직,바이오에이아이,서울 강남구,https://kr.indeed.com/viewjob?jk=a4015a0d112e9569
[알파브라더스] 프론트엔드 개발자,알파브라더스,서울 강서구,https://kr.indeed.com/viewjob?jk=dd19da3114772688
FinTech 서비스 플랫폼 개발 통해 세상 변화시킬 개발자분 만나고 싶습니다,핀투비,서울 여의도,https://kr.indeed.com/viewjob?jk=b01342d6d3c2a24a
보안 개발자 모집,넷마블,서울 구로구,https://kr.indeed.com/viewjob?jk=b9a9af798e9d24a5
위시켓과 함께할 서버개발자님,위시켓,서울 강남구,https://kr.indeed.com/viewjob?jk=a3a65a4d59061430
Web 개발(이커머스 파트)_PHP/CodeIgniter/Javascript,버드뷰,서울 마포구,https://kr.indeed.com/viewjob?jk=3292e81e43884c67
일삼헤르츠(주) 웹개발 서비스 개발자 경력직,일삼헤르츠,서울,https://kr.indeed.com/viewjob?jk=5003a0c1eab64760
(주)넷타겟 연구원 (웹프론트엔드 개발자),넷타겟,대전 유성구,https://kr.indeed.com/viewjob?jk=0feb2770202a5be1
안드로이드 및 서버 개발자,오늘하루,서울 강남구,https://kr.indeed.com/viewjob?jk=a70c6568d6be9fb0
"MVP 개발 엔지니어(서버, 웹프론트) (정규직, 계약직, 프리랜서)",더테스터,대전 중구,https://kr.indeed.com/viewjob?jk=1748baa27965fdbf
서울 강남구 인썸니아 시니어 개발자 및 퍼블리셔,인썸니아,서울 서초구,https://kr.indeed.com/viewjob?jk=6c1d50662fa2d7f7
(주)아이메디신 서버개발자 채용,(주)아이메디신 관심기업,서울 역삼동,https://kr.indeed.com/viewjob?jk=042ff269ff2bfc63
시스템 엔지니어링,NHN,성남 판교역,https://kr.indeed.com/viewjob?jk=5cb14c0712a6c4c1
[판교IT기업] Backend(백엔드) 개발,에이스파트너스서치펌,성남 분당구,https://kr.indeed.com/viewjob?jk=b02c1a783092e9a6
백엔드 개발자,뉴트리션코트,서울 강남구,https://kr.indeed.com/viewjob?jk=d621cbb75440764e
APP 개발 업무 경력/신입,토도웍스,경기도 시흥,https://kr.indeed.com/viewjob?jk=c31504ed2eb92781
"JAVA, Python 경력 정규직",에이스파트너스서치펌,서울 서초구,https://kr.indeed.com/viewjob?jk=593b9048b226723c
데이터프로덕트 서버 개발자 (2년 이상),우아한 형제들,서울 송파구,https://kr.indeed.com/viewjob?jk=f2e8324d211ea289
Python Backend Software Engineer,하이퍼커넥트,서울,https://kr.indeed.com/viewjob?jk=50658c145dd586bc
백엔드 개발 경력직,외국계 대형 플랫폼사,대한민국,https://kr.indeed.com/viewjob?jk=58dced95ce3035cd
"(쌍문동 이지컴퓨터) 파이썬 or 안드로이드, 오전 오후 시간 강사님.",이지컴퓨터평생교육원,서울 도봉구,https://kr.indeed.com/viewjob?jk=45880577563bbf8e
반응형웹개발자(3년이상),에이치알 코리아,대한민국,https://kr.indeed.com/viewjob?jk=e42dff836a3182d7
Full Stack Developer (Internal Products),Toss,서울 강남구,https://kr.indeed.com/viewjob?jk=60c38beac39270b1
서버 개발자,뷰티분야 모바일커머스,서울,https://kr.indeed.com/viewjob?jk=3c6a0fffc0065a77
풀스택 개발자,유튜브 플랫폼,서울 강남구,https://kr.indeed.com/viewjob?jk=4247f37d85ea0a94
Back-end Web Engineer,Success Korea,서울 서초구,https://kr.indeed.com/viewjob?jk=89067ba5fc5296c0
빌링서버 개발자,Success Korea,서울,https://kr.indeed.com/viewjob?jk=d9f1c1b5579f37c4
Back-End 개발자,교육용 모바일앱 개발 및 서비스,서울,https://kr.indeed.com/viewjob?jk=be808776cdf05f24
[신규사업실]시니어 Back-end 개발,Success Korea,서울,https://kr.indeed.com/viewjob?jk=2cadf87cc64c38d6
Server Developer(Python) - ASAP,Success Korea,서울,https://kr.indeed.com/viewjob?jk=feb3e6495e583e41
Server Developer(PHP),Success Korea,서울,https://kr.indeed.com/viewjob?jk=c8869aca354714a1
cloud/saas개발,Success Korea,서울,https://kr.indeed.com/viewjob?jk=6373005ce9ee17b0
Backend Developer(Python or Java),Success Korea,서울,https://kr.indeed.com/viewjob?jk=3383326062c40ec2
Jr. Backend Developer,Delivery Tech Hero,서울,https://kr.indeed.com/viewjob?jk=d6c27e2108eafb61
SITE RELIABILITY ENGINEER,"ODK Media, Inc.",서울 강남구,https://kr.indeed.com/viewjob?jk=31be560f3d6a7963
SOFTWARE ENGINEER - BACKEND,"ODK Media, Inc.",서울 강남구,https://kr.indeed.com/viewjob?jk=6e4170888fdd92a5
[Engineering] Front-end Developer (상시),"Miso, inc",서울,https://kr.indeed.com/viewjob?jk=9f7d7cbe5e172a01
Back-end Software Engineer,Bear Robotics,서울,https://kr.indeed.com/viewjob?jk=431c80cac460aa33
[전문연구요원] 상시 (전직),네이버랩스,경기도,https://kr.indeed.com/viewjob?jk=14b591547a3b9df5
[LS글로벌] IT사업 부문 경력직,엘에스글로벌인코퍼레이티드,안양 동안구,https://kr.indeed.com/viewjob?jk=1a5a0fd9b057d5d2
"프론트엔드, 백엔드 신입/경력 정규직",로켓메이커스,서울 마포구,https://kr.indeed.com/viewjob?jk=09a7b504ae035725
Developer / Designer recruit,마이뮤직테이스트,서울 논현동,https://kr.indeed.com/viewjob?jk=55a19c92c845685e
케이팝 엔터테인먼트 서비스 개발자,라이터스컴퍼니,서울 마포구,https://kr.indeed.com/viewjob?jk=c0fde5187c6f9d23
유명 바이오 의료기기 스타트업 Web Backend 개발자,인파트너스,서울 서초구,https://kr.indeed.com/viewjob?jk=8e1465b03bd5bd38
추천팀 서비스 개발자 (계약),카카오,성남 판교역,https://kr.indeed.com/viewjob?jk=c5783af875e8ec98
[청년디지털일자리] 컨텐츠기획 및 Full-Stack웹개발자,스미트인더스트리,서울 중구,https://kr.indeed.com/viewjob?jk=9a847e0201a9634d
8퍼센트 경력 개발자,8퍼센트,서울 종로구,https://kr.indeed.com/viewjob?jk=464ef95516a5fa5c
"웹,앱 개발자 (3년이상)",씨사이드랩코리아,서울 강남구,https://kr.indeed.com/viewjob?jk=cc99b43ebafbeba2
금융IT(UI/UX개발) 인재,에셋플러스자산운용,대한민국,https://kr.indeed.com/viewjob?jk=04751aa927de1b32
[카카오페이지] 정산 개발자,카카오페이지,성남 분당구,https://kr.indeed.com/viewjob?jk=1860146f2699026d
프론트엔드 정규직,바이오에이아이,서울 강남구,https://kr.indeed.com/viewjob?jk=a4015a0d112e9569
[알파브라더스] 프론트엔드 개발자,알파브라더스,서울 강서구,https://kr.indeed.com/viewjob?jk=dd19da3114772688
FinTech 서비스 플랫폼 개발 통해 세상 변화시킬 개발자분 만나고 싶습니다,핀투비,서울 여의도,https://kr.indeed.com/viewjob?jk=b01342d6d3c2a24a
보안 개발자 모집,넷마블,서울 구로구,https://kr.indeed.com/viewjob?jk=b9a9af798e9d24a5
위시켓과 함께할 서버개발자님,위시켓,서울 강남구,https://kr.indeed.com/viewjob?jk=a3a65a4d59061430
Web 개발(이커머스 파트)_PHP/CodeIgniter/Javascript,버드뷰,서울 마포구,https://kr.indeed.com/viewjob?jk=3292e81e43884c67
일삼헤르츠(주) 웹개발 서비스 개발자 경력직,일삼헤르츠,서울,https://kr.indeed.com/viewjob?jk=5003a0c1eab64760
(주)넷타겟 연구원 (웹프론트엔드 개발자),넷타겟,대전 유성구,https://kr.indeed.com/viewjob?jk=0feb2770202a5be1
안드로이드 및 서버 개발자,오늘하루,서울 강남구,https://kr.indeed.com/viewjob?jk=a70c6568d6be9fb0
"MVP 개발 엔지니어(서버, 웹프론트) (정규직, 계약직, 프리랜서)",더테스터,대전 중구,https://kr.indeed.com/viewjob?jk=1748baa27965fdbf
서울 강남구 인썸니아 시니어 개발자 및 퍼블리셔,인썸니아,서울 서초구,https://kr.indeed.com/viewjob?jk=6c1d50662fa2d7f7
(주)아이메디신 서버개발자 채용,(주)아이메디신 관심기업,서울 역삼동,https://kr.indeed.com/viewjob?jk=042ff269ff2bfc63
시스템 엔지니어링,NHN,성남 판교역,https://kr.indeed.com/viewjob?jk=5cb14c0712a6c4c1
[판교IT기업] Backend(백엔드) 개발,에이스파트너스서치펌,성남 분당구,https://kr.indeed.com/viewjob?jk=b02c1a783092e9a6
백엔드 개발자,뉴트리션코트,서울 강남구,https://kr.indeed.com/viewjob?jk=d621cbb75440764e
APP 개발 업무 경력/신입,토도웍스,경기도 시흥,https://kr.indeed.com/viewjob?jk=c31504ed2eb92781
"JAVA, Python 경력 정규직",에이스파트너스서치펌,서울 서초구,https://kr.indeed.com/viewjob?jk=593b9048b226723c
데이터프로덕트 서버 개발자 (2년 이상),우아한 형제들,서울 송파구,https://kr.indeed.com/viewjob?jk=f2e8324d211ea289
Python Backend Software Engineer,하이퍼커넥트,서울,https://kr.indeed.com/viewjob?jk=50658c145dd586bc
백엔드 개발 경력직,외국계 대형 플랫폼사,대한민국,https://kr.indeed.com/viewjob?jk=58dced95ce3035cd
"(쌍문동 이지컴퓨터) 파이썬 or 안드로이드, 오전 오후 시간 강사님.",이지컴퓨터평생교육원,서울 도봉구,https://kr.indeed.com/viewjob?jk=45880577563bbf8e
반응형웹개발자(3년이상),에이치알 코리아,대한민국,https://kr.indeed.com/viewjob?jk=e42dff836a3182d7
Full Stack Developer (Internal Products),Toss,서울 강남구,https://kr.indeed.com/viewjob?jk=60c38beac39270b1
서버 개발자,뷰티분야 모바일커머스,서울,https://kr.indeed.com/viewjob?jk=3c6a0fffc0065a77
풀스택 개발자,유튜브 플랫폼,서울 강남구,https://kr.indeed.com/viewjob?jk=4247f37d85ea0a94
Back-end Web Engineer,Success Korea,서울 서초구,https://kr.indeed.com/viewjob?jk=89067ba5fc5296c0
빌링서버 개발자,Success Korea,서울,https://kr.indeed.com/viewjob?jk=d9f1c1b5579f37c4
Back-End 개발자,교육용 모바일앱 개발 및 서비스,서울,https://kr.indeed.com/viewjob?jk=be808776cdf05f24
[신규사업실]시니어 Back-end 개발,Success Korea,서울,https://kr.indeed.com/viewjob?jk=2cadf87cc64c38d6
Server Developer(Python) - ASAP,Success Korea,서울,https://kr.indeed.com/viewjob?jk=feb3e6495e583e41
Server Developer(PHP),Success Korea,서울,https://kr.indeed.com/viewjob?jk=c8869aca354714a1
cloud/saas개발,Success Korea,서울,https://kr.indeed.com/viewjob?jk=6373005ce9ee17b0
Backend Developer(Python or Java),Success Korea,서울,https://kr.indeed.com/viewjob?jk=3383326062c40ec2
Jr. Backend Developer,Delivery Tech Hero,서울,https://kr.indeed.com/viewjob?jk=d6c27e2108eafb61
SITE RELIABILITY ENGINEER,"ODK Media, Inc.",서울 강남구,https://kr.indeed.com/viewjob?jk=31be560f3d6a7963
SOFTWARE ENGINEER - BACKEND,"ODK Media, Inc.",서울 강남구,https://kr.indeed.com/viewjob?jk=6e4170888fdd92a5
[Engineering] Front-end Developer (상시),"Miso, inc",서울,https://kr.indeed.com/viewjob?jk=9f7d7cbe5e172a01
Back-end Software Engineer,Bear Robotics,서울,https://kr.indeed.com/viewjob?jk=431c80cac460aa33
